{
  "input_shape": [
    1,
    3,
    256,
    320
  ],
  "loops": 50,
  "results": [
    {
      "name": "pth",
      "path": "/home/ardyseto/Documents/GitHub/OpenVINS-Lite-RPI/refs/deep-matching-wrapper/matcher/liftfeat/weights/LiftFeat.pth",
      "load_ms": 117.72378999739885,
      "latency": {
        "mean_ms": 2.053864060289925,
        "median_ms": 1.9765305005421396,
        "min_ms": 1.9364050021977164,
        "max_ms": 3.006227001606021,
        "p95_ms": 2.4617213013698347,
        "std_ms": 0.21812295742547783
      }
    },
    {
      "name": "liftfeat_320x256_fp32",
      "path": "liftfeat_320x256_fp32.onnx",
      "providers": [
        "CPUExecutionProvider"
      ],
      "load_ms": 15.534245998424012,
      "latency": {
        "mean_ms": 7.951602080574958,
        "median_ms": 7.829535501514329,
        "min_ms": 7.415666994347703,
        "max_ms": 9.519238999928348,
        "p95_ms": 8.938145049251034,
        "std_ms": 0.43060845564611394
      },
      "accuracy_vs_pth": [
        {
          "name": "kpt_logits",
          "shape_ref": [
            1,
            65,
            32,
            40
          ],
          "shape_got": [
            1,
            65,
            32,
            40
          ],
          "max_abs": 0.03383922576904297,
          "mean_abs": 0.004843548871576786,
          "rmse": 0.006157496478408575,
          "cosine_mean": 0.9999971389770508
        },
        {
          "name": "descriptors_map",
          "shape_ref": [
            1,
            64,
            32,
            40
          ],
          "shape_got": [
            1,
            64,
            32,
            40
          ],
          "max_abs": 0.0005463063716888428,
          "mean_abs": 8.967921166913584e-05,
          "rmse": 0.00011283993808319792,
          "cosine_mean": 0.9999996423721313
        }
      ]
    },
    {
      "name": "liftfeat_320x256_fp16",
      "path": "liftfeat_320x256_fp16.onnx",
      "providers": [
        "CPUExecutionProvider"
      ],
      "load_ms": 20.114578001084737,
      "latency": {
        "mean_ms": 18.107240659737727,
        "median_ms": 18.078449000313412,
        "min_ms": 17.686877996311523,
        "max_ms": 19.101142999716103,
        "p95_ms": 18.38960664899787,
        "std_ms": 0.21983850252625248
      },
      "accuracy_vs_pth": [
        {
          "name": "kpt_logits",
          "shape_ref": [
            1,
            65,
            32,
            40
          ],
          "shape_got": [
            1,
            65,
            32,
            40
          ],
          "max_abs": 0.05319571495056152,
          "mean_abs": 0.008083832450211048,
          "rmse": 0.010247129946947098,
          "cosine_mean": 0.9999923706054688
        },
        {
          "name": "descriptors_map",
          "shape_ref": [
            1,
            64,
            32,
            40
          ],
          "shape_got": [
            1,
            64,
            32,
            40
          ],
          "max_abs": 0.0007841289043426514,
          "mean_abs": 0.00014758035831619054,
          "rmse": 0.00018371830810792744,
          "cosine_mean": 0.999998927116394
        }
      ]
    },
    {
      "name": "liftfeat_320x256_int8",
      "path": "liftfeat_320x256_int8.onnx",
      "providers": [
        "CPUExecutionProvider"
      ],
      "load_ms": 22.514113996294327,
      "latency": {
        "mean_ms": 6.4572842011693865,
        "median_ms": 6.384614502167096,
        "min_ms": 6.155157003377099,
        "max_ms": 7.412061000650283,
        "p95_ms": 6.823063102638116,
        "std_ms": 0.24916617929171564
      },
      "accuracy_vs_pth": [
        {
          "name": "kpt_logits",
          "shape_ref": [
            1,
            65,
            32,
            40
          ],
          "shape_got": [
            1,
            65,
            32,
            40
          ],
          "max_abs": 3.115694046020508,
          "mean_abs": 0.5731498599052429,
          "rmse": 0.7242834568023682,
          "cosine_mean": 0.9670111536979675
        },
        {
          "name": "descriptors_map",
          "shape_ref": [
            1,
            64,
            32,
            40
          ],
          "shape_got": [
            1,
            64,
            32,
            40
          ],
          "max_abs": 0.2087363451719284,
          "mean_abs": 0.04698175936937332,
          "rmse": 0.057378143072128296,
          "cosine_mean": 0.8946479558944702
        }
      ]
    }
  ]
}
